<?xml version="1.0" encoding="UTF-8"?>
<opml version="2.0">
  <head>
    <title>FreshRSS</title>
    <dateCreated>Mon, 21 Mar 2022 21:34:25</dateCreated>
  </head>
  <body>
    <outline text="Asia">
      <outline text="Japan Times latest articles" type="rss" xmlUrl="https://www.japantimes.co.jp/feed/topstories" htmlUrl="https://www.japantimes.co.jp/" description="The latest news from Japan Times, Japan's leading English-language daily newspaper"/>
    </outline>
    <outline text="Blogs">
      <outline text="Astral Codex Ten" type="rss" xmlUrl="https://astralcodexten.substack.com/feed" htmlUrl="https://astralcodexten.substack.com/" description="P(A|B) = [P(A)*P(B|A)]/P(B), all the rest is commentary."/>
      <outline text="Common Sense" type="rss" xmlUrl="https://bariweiss.substack.com/feed" htmlUrl="https://bariweiss.substack.com/" description="Honest news for sane people brought to you by Bari Weiss."/>
      <outline text="Editors at JSTOR" type="rss" xmlUrl="https://kill-the-newsletter.com/feeds/d1pein239x597zb2.xml" htmlUrl="https://kill-the-newsletter.com/" description="Kill the Newsletter! Inbox:&#13;&#10;          d1pein239x597zb2@kill-the-newsletter.com →&#13;&#10;          https://kill-the-newsletter.com/feeds/d1pein239x597zb2.xml"/>
      <outline text="Emerging Tech Brew" type="rss" xmlUrl="https://kill-the-newsletter.com/feeds/hs2un23hnz4sr92b.xml" htmlUrl="https://kill-the-newsletter.com/" description="Kill the Newsletter! Inbox:&#10;          hs2un23hnz4sr92b@kill-the-newsletter.com →&#10;          https://kill-the-newsletter.com/feeds/hs2un23hnz4sr92b.xml"/>
      <outline text="Make Your Meaning" type="rss" xmlUrl="https://mattdajer.substack.com/feed" htmlUrl="https://mattdajer.substack.com/" description="A newsletter about how to make meaning in a world full of choices.&#13;&#10;Written by Matt Dajer"/>
      <outline text="Money Scoop - Morning Brew" type="rss" xmlUrl="https://kill-the-newsletter.com/feeds/c03twbsehbhoqw3z.xml" htmlUrl="https://kill-the-newsletter.com/" description="Kill the Newsletter! Inbox:&#10;          c03twbsehbhoqw3z@kill-the-newsletter.com →&#10;          https://kill-the-newsletter.com/feeds/c03twbsehbhoqw3z.xml"/>
      <outline text="Morning Brew" type="rss" xmlUrl="https://kill-the-newsletter.com/feeds/8g68gcwqp8gv6n8v.xml" htmlUrl="https://kill-the-newsletter.com/" description="Kill the Newsletter! Inbox:&#10;          8g68gcwqp8gv6n8v@kill-the-newsletter.com →&#10;          https://kill-the-newsletter.com/feeds/8g68gcwqp8gv6n8v.xml"/>
      <outline text="Readwise" type="rss" xmlUrl="https://kill-the-newsletter.com/feeds/t9rhqh0ubpfqcn8h.xml" htmlUrl="https://kill-the-newsletter.com/" description="Kill the Newsletter! Inbox:&#13;&#10;          t9rhqh0ubpfqcn8h@kill-the-newsletter.com →&#13;&#10;          https://kill-the-newsletter.com/feeds/t9rhqh0ubpfqcn8h.xml"/>
      <outline text="Slate Star Codex: In a Mad World, All Blogging is Psychiatry Blogging" type="rss" xmlUrl="https://www.reddit.com/r/slatestarcodex/.rss" htmlUrl="https://www.reddit.com/r/slatestarcodex/" description="Slate Star Codex was a blog by Scott Alexander about human cognition, politics, and medicine. He now blogs at Astral Codex Ten: https://astralcodexten.substack.com/"/>
      <outline text="Slow Boring" type="rss" xmlUrl="https://www.slowboring.com/feed" htmlUrl="https://www.slowboring.com/" description="Passion and Perspective from Matthew Yglesias"/>
      <outline text="The Conversation" type="rss" xmlUrl="https://kill-the-newsletter.com/feeds/kt58o4c8lk2tok67.xml" htmlUrl="https://kill-the-newsletter.com/" description="Kill the Newsletter! Inbox:&#10;          kt58o4c8lk2tok67@kill-the-newsletter.com →&#10;          https://kill-the-newsletter.com/feeds/kt58o4c8lk2tok67.xml"/>
      <outline text="This Week in Religion - The Conversation" type="rss" xmlUrl="https://kill-the-newsletter.com/feeds/biaaf3evitu587lg.xml" htmlUrl="https://kill-the-newsletter.com/" description="Kill the Newsletter! Inbox:&#10;          biaaf3evitu587lg@kill-the-newsletter.com →&#10;          https://kill-the-newsletter.com/feeds/biaaf3evitu587lg.xml"/>
      <outline text="Today I Found Out" type="rss" xmlUrl="https://kill-the-newsletter.com/feeds/1zltxmcqjhl9ov60.xml" htmlUrl="https://kill-the-newsletter.com/" description="Kill the Newsletter! Inbox:&#13;&#10;          1zltxmcqjhl9ov60@kill-the-newsletter.com →&#13;&#10;          https://kill-the-newsletter.com/feeds/1zltxmcqjhl9ov60.xml"/>
    </outline>
    <outline text="Independent Media">
      <outline text="Articles and Investigations - ProPublica" type="rss" xmlUrl="https://www.propublica.org/feeds/main" htmlUrl="https://www.propublica.org/feeds/main" description="Latest Articles and Investigations from ProPublica, an independent, non-profit newsroom that produces investigative journalism in the public interest."/>
      <outline text="Center for Public Integrity" type="rss" xmlUrl="https://publicintegrity.org/feed/" htmlUrl="https://publicintegrity.org/" description="Investigating inequality"/>
      <outline text="Democracy Now!" type="rss" xmlUrl="https://www.democracynow.org/democracynow.rss" htmlUrl="http://www.democracynow.org/" description="Democracy Now! is an independent daily TV &amp; radio news program, hosted by award-winning journalists Amy Goodman and Juan González. We provide daily global news headlines, in-depth interviews and investigative reports without any advertisements or government funding. Our programming shines a spotlight on corporate and government abuses of power and lifts up the stories of ordinary people working to make change in extraordinary times. Democracy Now! is live weekdays at 8am ET and available 24/7 through our website and podcasts."/>
      <outline text="ProPublica" type="rss" xmlUrl="https://kill-the-newsletter.com/feeds/g2epog8urwnkfjos.xml" htmlUrl="https://kill-the-newsletter.com/" description="Kill the Newsletter! Inbox:&#10;          g2epog8urwnkfjos@kill-the-newsletter.com →&#10;          https://kill-the-newsletter.com/feeds/g2epog8urwnkfjos.xml"/>
    </outline>
    <outline text="Israel/Palestine">
      <outline text="+972 Magazine" type="rss" xmlUrl="https://www.972mag.com/feed/" htmlUrl="https://www.972mag.com/" description="Independent commentary and news from Israel &amp; Palestine"/>
      <outline text="B'Tselem" type="rss" xmlUrl="https://kill-the-newsletter.com/feeds/a4y4e7jnsy3j0yjt.xml" htmlUrl="https://kill-the-newsletter.com/" description="Kill the Newsletter! Inbox:&#13;&#10;          a4y4e7jnsy3j0yjt@kill-the-newsletter.com →&#13;&#10;          https://kill-the-newsletter.com/feeds/a4y4e7jnsy3j0yjt.xml"/>
      <outline text="Gush-Shalom" type="rss" xmlUrl="http://feeds.feedburner.com/Gush-shalom-english" htmlUrl="http://zope.gush-shalom.org/home/en" description=""/>
      <outline text="Haaretz Israel News RSS" type="rss" xmlUrl="https://www.haaretz.com/cmlink/1.4605045" htmlUrl="https://www.haaretz.com/cmlink/israel-news-rss-1.4605045" description=""/>
      <outline text="Jewish Currents" type="rss" xmlUrl="https://jewishcurrents.org/feed" htmlUrl="https://jewishcurrents.org/" description="Breaking news, analysis, art, and culture from a progressive Jewish perspective. Sign up for our newsletter!"/>
      <outline text="Promoting dialogue about Israel and Palestine" type="rss" xmlUrl="https://www.reddit.com/r/IsraelPalestine.rss" htmlUrl="https://www.reddit.com/r/IsraelPalestine" description="A subreddit dedicated to promoting civil conversation on issues relating to Israel and Palestine."/>
      <outline text="The Beinart Notebook" type="rss" xmlUrl="https://peterbeinart.substack.com/feed" htmlUrl="https://peterbeinart.substack.com/" description="Politics, Foreign Policy and (occasionally) the Jews"/>
      <outline text="The Times of Israel" type="rss" xmlUrl="https://www.timesofisrael.com/feed/" htmlUrl="https://www.timesofisrael.com/" description="News from Israel, the Middle East and the Jewish World"/>
      <outline text="Tikun Olam  תיקון עולם" type="rss" xmlUrl="https://www.richardsilverstein.com/feed/" htmlUrl="https://www.richardsilverstein.com/" description="Breaking news on the Israeli national security state"/>
    </outline>
    <outline text="Jewish">
      <outline text="Rationalist Judaism" type="rss" xmlUrl="http://www.rationalistjudaism.com/feeds/posts/default" htmlUrl="http://www.rationalistjudaism.com/" description="Exploring the legacy of the rationalist Rishonim (medieval Torah scholars), and various other notes, by Rabbi Dr. Natan Slifkin, director of The Biblical Museum of Natural History in Beit Shemesh. The views expressed here are those of the author, not the institution."/>
      <outline text="Tablet Magazine" type="rss" xmlUrl="https://kill-the-newsletter.com/feeds/xfq74jp7wn2yo0p3.xml" htmlUrl="https://kill-the-newsletter.com/" description="Kill the Newsletter! Inbox:&#10;          xfq74jp7wn2yo0p3@kill-the-newsletter.com →&#10;          https://kill-the-newsletter.com/feeds/xfq74jp7wn2yo0p3.xml"/>
      <outline text="ynet - Jewish Scene" type="rss" xmlUrl="https://www.ynet.co.il/Integration/StoryRss3443.xml" htmlUrl="https://www.ynet.co.il/" description="עדכוני SMS ישירות מחדר החדשות של ynet. שילחו את המילים ''התחל חדשות'' למספר 5335 וקבלו 4 עדכוני SMS ביום. השירות בתשלום."/>
    </outline>
    <outline text="Law Journals">
      <outline text="Chicago Journal of International Law" type="rss" xmlUrl="https://chicagounbound.uchicago.edu/cjil/recent.rss" htmlUrl="https://chicagounbound.uchicago.edu/cjil" description="Recent documents in Chicago Journal of International Law"/>
      <outline text="Harvard International Law Journal" type="rss" xmlUrl="https://harvardilj.org/category/articles/feed/" htmlUrl="https://harvardilj.org/" description="The oldest and most-cited student-edited journal of international law, the Harvard International Law Journal covers a wide variety of topics in public and private international law."/>
    </outline>
    <outline text="Magazines">
      <outline text="Aeon" type="rss" xmlUrl="https://kill-the-newsletter.com/feeds/iaf3i9hpxqiovu14.xml" htmlUrl="https://kill-the-newsletter.com/" description="Kill the Newsletter! Inbox:&#10;          iaf3i9hpxqiovu14@kill-the-newsletter.com →&#10;          https://kill-the-newsletter.com/feeds/iaf3i9hpxqiovu14.xml"/>
      <outline text="Article – The Nation" type="rss" xmlUrl="https://www.thenation.com/feed/?post_type=article" htmlUrl="https://www.thenation.com/" description="The Nation Magazine"/>
      <outline text="Best of The Atlantic" type="rss" xmlUrl="http://192.168.1.159:8190/makefulltextfeed.php?url=sec%3A%2F%2Fwww.theatlantic.com%2Ffeed%2Fbest-of%2F&amp;max=200&amp;links=preserve&amp;exc=&amp;submit=Create+Feed" htmlUrl="https://www.theatlantic.com/feed/best-of/" description=""/>
      <outline text="Dissent" type="rss" xmlUrl="https://kill-the-newsletter.com/feeds/8hdkmgu2k1objydb.xml" htmlUrl="https://kill-the-newsletter.com/" description="Kill the Newsletter! Inbox:&#10;          8hdkmgu2k1objydb@kill-the-newsletter.com →&#10;          https://kill-the-newsletter.com/feeds/8hdkmgu2k1objydb.xml"/>
      <outline text="London Review of Books" type="rss" xmlUrl="https://kill-the-newsletter.com/feeds/myo001pqmo5abown.xml" htmlUrl="https://kill-the-newsletter.com/" description="Kill the Newsletter! Inbox:&#10;          myo001pqmo5abown@kill-the-newsletter.com →&#10;          https://kill-the-newsletter.com/feeds/myo001pqmo5abown.xml"/>
      <outline text="The Economist Weekly Edition" type="rss" xmlUrl="http://192.168.1.159:8190/makefulltextfeed.php?url=sec%3A%2F%2Fwww.economist.com%2Fweeklyedition&amp;max=200&amp;links=preserve&amp;exc=&amp;submit=Create+Feed" htmlUrl="https://www.economist.com/weeklyedition" description="Content extracted from https://www.economist.com/weeklyedition"/>
      <outline text="The New York Review of Books" type="rss" xmlUrl="https://kill-the-newsletter.com/feeds/yrp2lfoyl5r9otcy.xml" htmlUrl="https://kill-the-newsletter.com/" description="Kill the Newsletter! Inbox:&#10;          yrp2lfoyl5r9otcy@kill-the-newsletter.com →&#10;          https://kill-the-newsletter.com/feeds/yrp2lfoyl5r9otcy.xml"/>
      <outline text="The Paris Review" type="rss" xmlUrl="https://kill-the-newsletter.com/feeds/sqxoupla5f0uzs8b.xml" htmlUrl="https://kill-the-newsletter.com/" description="Kill the Newsletter! Inbox:&#10;          sqxoupla5f0uzs8b@kill-the-newsletter.com →&#10;          https://kill-the-newsletter.com/feeds/sqxoupla5f0uzs8b.xml"/>
    </outline>
    <outline text="News">
      <outline text="World News: Top &amp; Breaking World News Today | AP News" type="rss" xmlUrl="http://192.168.1.159:8190/makefulltextfeed.php?url=https://apnews.com/hub/world-news?utm_source=apnewsnav&amp;utm_medium=navigation&amp;max=200&amp;links=preserve&amp;exc=" htmlUrl="https://apnews.com/hub/world-news?utm_source=apnewsnav" description="Content extracted from https://apnews.com/hub/world-news?utm_source=apnewsnav"/>
      <outline text="World News | Latest Top Stories" type="rss" xmlUrl="http://192.168.1.159:8190/makefulltextfeed.php?url=sec%3A%2F%2Fwww.reuters.com%2Fworld%2F&amp;max=200&amp;links=preserve&amp;exc=&amp;submit=Create+Feed" htmlUrl="https://www.reuters.com/world/" description="Content extracted from https://www.reuters.com/world/"/>
    </outline>
    <outline text="Science">
      <outline text="Nautilus | Science Connected" type="rss" xmlUrl="https://nautil.us/feed/" htmlUrl="https://nautil.us/" description="The Nautilus Network"/>
      <outline text="Reddit Science" type="rss" xmlUrl="https://www.reddit.com/r/science.rss" htmlUrl="https://www.reddit.com/r/science" description="This community is a place to share and discuss new scientific research. Read about the latest advances in astronomy, biology, medicine, physics, social science, and more. Find and submit new publications and popular science coverage of current research."/>
    </outline>
    <outline text="Spanish-Speaking World">
      <outline text="Latin America Brief - Foreign Policy" type="rss" xmlUrl="https://kill-the-newsletter.com/feeds/3tzimwcd8shv2dhj.xml" htmlUrl="https://kill-the-newsletter.com/" description="Kill the Newsletter! Inbox:&#10;          3tzimwcd8shv2dhj@kill-the-newsletter.com →&#10;          https://kill-the-newsletter.com/feeds/3tzimwcd8shv2dhj.xml"/>
    </outline>
    <outline text="Uncategorized">
      <outline text="FreshRSS releases" type="rss" xmlUrl="https://github.com/FreshRSS/FreshRSS/releases.atom" htmlUrl="https://github.com/FreshRSS/FreshRSS/" description="FreshRSS releases @ GitHub"/>
    </outline>
    <outline text="Youtube">
      <outline text="Secular Talk" type="rss" xmlUrl="https://www.youtube.com/feeds/videos.xml?channel_id=UCldfgbzNILYZA4dmDt4Cd6A" htmlUrl="https://www.youtube.com/channel/UCldfgbzNILYZA4dmDt4Cd6A" description=""/>
      <outline text="Wendover Productions" type="rss" xmlUrl="https://www.youtube.com/feeds/videos.xml?channel_id=UC9RM-iSvTu1uPJb8X5yp3EQ" htmlUrl="https://www.youtube.com/channel/UC9RM-iSvTu1uPJb8X5yp3EQ" description="Wendover Productions is all about explaining how our world works. From travel, to economics, to geography, to marketing and more, every video will leave you with a little better understanding of our world. New videos go out every other Tuesday."/>
    </outline>
  </body>
</opml>
