{
    "id": "user/admin/state/org.freshrss/starred",
    "title": "List of favourite articles",
    "author": "admin",
    "items": [
{
    "id": "tag:github.com,2008:Repository/6322699/1.18.1",
    "timestampUsec": "1646961697793613",
    "categories": [
        "user/-/state/com.google/read",
        "user/-/state/com.google/starred"
    ],
    "title": "FreshRSS 1.18.1",
    "author": ";Alkarex",
    "published": 1623013260,
    "updated": 1623013260,
    "alternate": [
        {
            "href": "https://github.com/FreshRSS/FreshRSS/releases/tag/1.18.1",
            "type": "text/html"
        }
    ],
    "content": {
        "content": "<ul>\n<li><a href=\"https://github.com/FreshRSS/FreshRSS/milestones/1.18.1\">Milestone</a></li>\n<li><a href=\"https://github.com/FreshRSS/FreshRSS/issues/3623\" data-hovercard-type=\"issue\" data-hovercard-url=\"/FreshRSS/FreshRSS/issues/3623/hovercard\">Discussion</a></li>\n</ul>\n<p><strong>Note:</strong> Last release before dropping support for PHP 5 and Internet Explorer 11.</p>\n<p><a href=\"https://github.com/FreshRSS/FreshRSS/blob/1.18.1/CHANGELOG.md\">Changelog</a>:</p>\n<ul>\n<li>Features\n<ul>\n<li>Support standard <code>HTTP 410 Gone</code> by disabling (muting) gone feeds <a href=\"https://github.com/FreshRSS/FreshRSS/pull/3561\" data-hovercard-type=\"pull_request\" data-hovercard-url=\"/FreshRSS/FreshRSS/pull/3561/hovercard\">#3561</a></li>\n<li>Make advanced feed options such as SSL available to non-admins <a href=\"https://github.com/FreshRSS/FreshRSS/pull/3612\" data-hovercard-type=\"pull_request\" data-hovercard-url=\"/FreshRSS/FreshRSS/pull/3612/hovercard\">#3612</a></li>\n</ul>\n</li>\n<li>API\n<ul>\n<li>Supported by <a href=\"https://newsboat.org/\" rel=\"nofollow\">Newsboat 2.24+</a> <a href=\"https://github.com/FreshRSS/FreshRSS/pull/3574\" data-hovercard-type=\"pull_request\" data-hovercard-url=\"/FreshRSS/FreshRSS/pull/3574/hovercard\">#3574</a></li>\n<li>Supported by <a href=\"https://github.com/martinrotter/rssguard\">RSS Guard</a> <a href=\"https://github.com/FreshRSS/FreshRSS/pull/3627\" data-hovercard-type=\"pull_request\" data-hovercard-url=\"/FreshRSS/FreshRSS/pull/3627/hovercard\">#3627</a></li>\n</ul>\n</li>\n<li>UI\n<ul>\n<li>Allow Unicode for shortcuts <a href=\"https://github.com/FreshRSS/FreshRSS/pull/3548\" data-hovercard-type=\"pull_request\" data-hovercard-url=\"/FreshRSS/FreshRSS/pull/3548/hovercard\">#3548</a></li>\n</ul>\n</li>\n<li>Bug fixing\n<ul>\n<li>Fix database lock during refresh with MariaDB <a href=\"https://github.com/FreshRSS/FreshRSS/pull/3559\" data-hovercard-type=\"pull_request\" data-hovercard-url=\"/FreshRSS/FreshRSS/pull/3559/hovercard\">#3559</a></li>\n<li>Fix database creation from CLI <a href=\"https://github.com/FreshRSS/FreshRSS/pull/3544\" data-hovercard-type=\"pull_request\" data-hovercard-url=\"/FreshRSS/FreshRSS/pull/3544/hovercard\">#3544</a></li>\n<li>Fix: <code>pdo_sqlite</code> is optional except for export/import SQLite <a href=\"https://github.com/FreshRSS/FreshRSS/pull/3545\" data-hovercard-type=\"pull_request\" data-hovercard-url=\"/FreshRSS/FreshRSS/pull/3545/hovercard\">#3545</a></li>\n<li>Fix import of JSON and TT-RSS files, especially with PHP 8 <a href=\"https://github.com/FreshRSS/FreshRSS/pull/3553\" data-hovercard-type=\"pull_request\" data-hovercard-url=\"/FreshRSS/FreshRSS/pull/3553/hovercard\">#3553</a>\n<ul>\n<li>Allow import of more than 999 favourites/labelled articles even with SQLite</li>\n</ul>\n</li>\n<li>Fix additional SQL limits, especially for SQLite <a href=\"https://github.com/FreshRSS/FreshRSS/pull/3586\" data-hovercard-type=\"pull_request\" data-hovercard-url=\"/FreshRSS/FreshRSS/pull/3586/hovercard\">#3586</a></li>\n<li>Fix search param encoding in user query <a href=\"https://github.com/FreshRSS/FreshRSS/pull/3541\" data-hovercard-type=\"pull_request\" data-hovercard-url=\"/FreshRSS/FreshRSS/pull/3541/hovercard\">#3541</a></li>\n<li>Fix undefined variable &amp; dead code when adding feed <a href=\"https://github.com/FreshRSS/FreshRSS/pull/3546\" data-hovercard-type=\"pull_request\" data-hovercard-url=\"/FreshRSS/FreshRSS/pull/3546/hovercard\">#3546</a></li>\n<li>Fix missing translation in feed configuration <a href=\"https://github.com/FreshRSS/FreshRSS/pull/3554\" data-hovercard-type=\"pull_request\" data-hovercard-url=\"/FreshRSS/FreshRSS/pull/3554/hovercard\">#3554</a></li>\n<li>Fix double escaping in feed filters <a href=\"https://github.com/FreshRSS/FreshRSS/pull/3563\" data-hovercard-type=\"pull_request\" data-hovercard-url=\"/FreshRSS/FreshRSS/pull/3563/hovercard\">#3563</a></li>\n<li>Fix bugs in migration system <a href=\"https://github.com/FreshRSS/FreshRSS/pull/3589\" data-hovercard-type=\"pull_request\" data-hovercard-url=\"/FreshRSS/FreshRSS/pull/3589/hovercard\">#3589</a></li>\n<li>Fix regression preventing showing startup errors <a href=\"https://github.com/FreshRSS/FreshRSS/pull/3590\" data-hovercard-type=\"pull_request\" data-hovercard-url=\"/FreshRSS/FreshRSS/pull/3590/hovercard\">#3590</a></li>\n<li>Fix form redirection after erroneous user creation <a href=\"https://github.com/FreshRSS/FreshRSS/pull/3656\" data-hovercard-type=\"pull_request\" data-hovercard-url=\"/FreshRSS/FreshRSS/pull/3656/hovercard\">#3656</a></li>\n<li>Fix JavaScript error during navigation when no article is selected <a href=\"https://github.com/FreshRSS/FreshRSS/pull/3655\" data-hovercard-type=\"pull_request\" data-hovercard-url=\"/FreshRSS/FreshRSS/pull/3655/hovercard\">#3655</a></li>\n<li>Fix link to add feeds from the empty homepage <a href=\"https://github.com/FreshRSS/FreshRSS/pull/3650\" data-hovercard-type=\"pull_request\" data-hovercard-url=\"/FreshRSS/FreshRSS/pull/3650/hovercard\">#3650</a></li>\n<li>Fix git update error message <a href=\"https://github.com/FreshRSS/FreshRSS/pull/3645\" data-hovercard-type=\"pull_request\" data-hovercard-url=\"/FreshRSS/FreshRSS/pull/3645/hovercard\">#3645</a></li>\n</ul>\n</li>\n<li>SimplePie\n<ul>\n<li>Fix regression about media attachments <a href=\"https://github.com/FreshRSS/FreshRSS/pull/3565\" data-hovercard-type=\"pull_request\" data-hovercard-url=\"/FreshRSS/FreshRSS/pull/3565/hovercard\">#3565</a></li>\n<li>Fix regression about forcing HTTPS for enclosures <a href=\"https://github.com/FreshRSS/FreshRSS/pull/3568\" data-hovercard-type=\"pull_request\" data-hovercard-url=\"/FreshRSS/FreshRSS/pull/3568/hovercard\">#3568</a></li>\n<li>Catch ValueError for loadHTML with PHP 8 <a href=\"https://github.com/simplepie/simplepie/pull/673\" data-hovercard-type=\"pull_request\" data-hovercard-url=\"/simplepie/simplepie/pull/673/hovercard\">simplepie#673</a></li>\n<li>Provide access to latest HTTP status code <a href=\"https://github.com/simplepie/simplepie/pull/674\" data-hovercard-type=\"pull_request\" data-hovercard-url=\"/simplepie/simplepie/pull/674/hovercard\">simplepie#674</a></li>\n<li>Fix wrong SimplePie type hint <a href=\"https://github.com/simplepie/simplepie/pull/678\" data-hovercard-type=\"pull_request\" data-hovercard-url=\"/simplepie/simplepie/pull/678/hovercard\">simplepie#678</a></li>\n<li>Merge details from upstream PRs <a href=\"https://github.com/FreshRSS/FreshRSS/pull/3588\" data-hovercard-type=\"pull_request\" data-hovercard-url=\"/FreshRSS/FreshRSS/pull/3588/hovercard\">#3588</a>, <a href=\"https://github.com/FreshRSS/FreshRSS/pull/3614\" data-hovercard-type=\"pull_request\" data-hovercard-url=\"/FreshRSS/FreshRSS/pull/3614/hovercard\">#3614</a></li>\n</ul>\n</li>\n<li>API\n<ul>\n<li>Compatibility with Web servers providing <code>ORIG_PATH_INFO</code> <a href=\"https://github.com/FreshRSS/FreshRSS/pull/3560\" data-hovercard-type=\"pull_request\" data-hovercard-url=\"/FreshRSS/FreshRSS/pull/3560/hovercard\">#3560</a></li>\n</ul>\n</li>\n<li>i18n\n<ul>\n<li>Improved Russian <a href=\"https://github.com/FreshRSS/FreshRSS/pull/3579\" data-hovercard-type=\"pull_request\" data-hovercard-url=\"/FreshRSS/FreshRSS/pull/3579/hovercard\">#3579</a></li>\n<li>Improved Turkish <a href=\"https://github.com/FreshRSS/FreshRSS/pull/3604\" data-hovercard-type=\"pull_request\" data-hovercard-url=\"/FreshRSS/FreshRSS/pull/3604/hovercard\">#3604</a></li>\n<li>Improved Chinese <a href=\"https://github.com/FreshRSS/FreshRSS/pull/3600\" data-hovercard-type=\"pull_request\" data-hovercard-url=\"/FreshRSS/FreshRSS/pull/3600/hovercard\">#3600</a></li>\n</ul>\n</li>\n<li>Code improvements:\n<ul>\n<li>Friendly constant syntax for Intellisense <a href=\"https://github.com/FreshRSS/FreshRSS/pull/3577\" data-hovercard-type=\"pull_request\" data-hovercard-url=\"/FreshRSS/FreshRSS/pull/3577/hovercard\">#3577</a></li>\n<li>Fix several comments syntaxes <a href=\"https://github.com/FreshRSS/FreshRSS/pull/3615\" data-hovercard-type=\"pull_request\" data-hovercard-url=\"/FreshRSS/FreshRSS/pull/3615/hovercard\">#3615</a></li>\n<li>Minor uniform stricter HTML <a href=\"https://github.com/FreshRSS/FreshRSS/pull/3616\" data-hovercard-type=\"pull_request\" data-hovercard-url=\"/FreshRSS/FreshRSS/pull/3616/hovercard\">#3616</a></li>\n<li>Removed unused variable <a href=\"https://github.com/FreshRSS/FreshRSS/pull/3587\" data-hovercard-type=\"pull_request\" data-hovercard-url=\"/FreshRSS/FreshRSS/pull/3587/hovercard\">#3587</a></li>\n<li>Provide action name in Minz controller exception <a href=\"https://github.com/FreshRSS/FreshRSS/pull/3624\" data-hovercard-type=\"pull_request\" data-hovercard-url=\"/FreshRSS/FreshRSS/pull/3624/hovercard\">#3624</a></li>\n<li>New convenience method to extract multiline GET parameters from e.g. <code>&lt;textarea&gt;</code> <a href=\"https://github.com/FreshRSS/FreshRSS/pull/3629\" data-hovercard-type=\"pull_request\" data-hovercard-url=\"/FreshRSS/FreshRSS/pull/3629/hovercard\">#3629</a></li>\n</ul>\n</li>\n<li>Deployment\n<ul>\n<li>Automatically apply <code>latest</code> tag in git for the latest FreshRSS release <a href=\"https://github.com/FreshRSS/FreshRSS/pull/3524\" data-hovercard-type=\"pull_request\" data-hovercard-url=\"/FreshRSS/FreshRSS/pull/3524/hovercard\">#3524</a></li>\n</ul>\n</li>\n<li>Misc.\n<ul>\n<li>Remove legacy <code>data/do-install.txt</code> for triggering install process <a href=\"https://github.com/FreshRSS/FreshRSS/pull/3555\" data-hovercard-type=\"pull_request\" data-hovercard-url=\"/FreshRSS/FreshRSS/pull/3555/hovercard\">#3555</a></li>\n<li>If using built-in git updates, automatically change to git <code>edge</code> branch if using old <code>master</code> or <code>dev</code> branch names <a href=\"https://github.com/FreshRSS/FreshRSS/pull/3589\" data-hovercard-type=\"pull_request\" data-hovercard-url=\"/FreshRSS/FreshRSS/pull/3589/hovercard\">#3589</a></li>\n</ul>\n</li>\n</ul>"
    },
    "origin": {
        "streamId": 1,
        "title": "FreshRSS releases",
        "htmlUrl": "https://github.com/FreshRSS/FreshRSS/",
        "feedUrl": "https://github.com/FreshRSS/FreshRSS/releases.atom"
    }
},
{
    "id": "urn:kill-the-newsletter:65pyuionao7zmibc",
    "timestampUsec": "1647436485031725",
    "categories": [
        "user/-/state/com.google/read",
        "user/-/state/com.google/starred"
    ],
    "title": "“The Conversation” inbox created",
    "author": ";Kill the Newsletter!",
    "published": 1647436380,
    "updated": 1647436380,
    "alternate": [
        {
            "href": "https://kill-the-newsletter.com/alternates/65pyuionao7zmibc.html",
            "type": "text/html"
        }
    ],
    "content": {
        "content": "<p>\n        Sign up for the newsletter with<br>\n        <code>kt58o4c8lk2tok67@kill-the-newsletter.com</code>\n      </p>\n      <p>\n        Subscribe to the Atom feed at<br>\n        <code>https://kill-the-newsletter.com/feeds/kt58o4c8lk2tok67.xml</code>\n      </p>\n      <p>\n        <strong>Don’t share these addresses.</strong><br>\n        They contain an identifier that other people could use to send you spam\n        and to control your newsletter subscriptions.\n      </p>\n      <p><strong>Enjoy your readings!</strong></p>\n      <p>\n        <a href=\"https://kill-the-newsletter.com/\"><strong>Create another inbox</strong></a>\n      </p>"
    },
    "origin": {
        "streamId": 25,
        "title": "The Conversation",
        "htmlUrl": "https://kill-the-newsletter.com/",
        "feedUrl": "https://kill-the-newsletter.com/feeds/kt58o4c8lk2tok67.xml"
    }
},
{
    "id": "urn:kill-the-newsletter:bkhukuzry8m2xt82",
    "timestampUsec": "1647436662101642",
    "categories": [
        "user/-/state/com.google/read",
        "user/-/state/com.google/starred"
    ],
    "title": "“Morning Brew” inbox created",
    "author": ";Kill the Newsletter!",
    "published": 1647436620,
    "updated": 1647436620,
    "alternate": [
        {
            "href": "https://kill-the-newsletter.com/alternates/bkhukuzry8m2xt82.html",
            "type": "text/html"
        }
    ],
    "content": {
        "content": "<p>\n        Sign up for the newsletter with<br>\n        <code>8g68gcwqp8gv6n8v@kill-the-newsletter.com</code>\n      </p>\n      <p>\n        Subscribe to the Atom feed at<br>\n        <code>https://kill-the-newsletter.com/feeds/8g68gcwqp8gv6n8v.xml</code>\n      </p>\n      <p>\n        <strong>Don’t share these addresses.</strong><br>\n        They contain an identifier that other people could use to send you spam\n        and to control your newsletter subscriptions.\n      </p>\n      <p><strong>Enjoy your readings!</strong></p>\n      <p>\n        <a href=\"https://kill-the-newsletter.com/\"><strong>Create another inbox</strong></a>\n      </p>"
    },
    "origin": {
        "streamId": 26,
        "title": "Morning Brew",
        "htmlUrl": "https://kill-the-newsletter.com/",
        "feedUrl": "https://kill-the-newsletter.com/feeds/8g68gcwqp8gv6n8v.xml"
    }
},
{
    "id": "urn:kill-the-newsletter:jxbkjixlnstmqeqn",
    "timestampUsec": "1647436837711961",
    "categories": [
        "user/-/state/com.google/read",
        "user/-/state/com.google/starred"
    ],
    "title": "“Readwise” inbox created",
    "author": ";Kill the Newsletter!",
    "published": 1647436800,
    "updated": 1647436800,
    "alternate": [
        {
            "href": "https://kill-the-newsletter.com/alternates/jxbkjixlnstmqeqn.html",
            "type": "text/html"
        }
    ],
    "content": {
        "content": "<p>\n        Sign up for the newsletter with<br>\n        <code>t9rhqh0ubpfqcn8h@kill-the-newsletter.com</code>\n      </p>\n      <p>\n        Subscribe to the Atom feed at<br>\n        <code>https://kill-the-newsletter.com/feeds/t9rhqh0ubpfqcn8h.xml</code>\n      </p>\n      <p>\n        <strong>Don’t share these addresses.</strong><br>\n        They contain an identifier that other people could use to send you spam\n        and to control your newsletter subscriptions.\n      </p>\n      <p><strong>Enjoy your readings!</strong></p>\n      <p>\n        <a href=\"https://kill-the-newsletter.com/\"><strong>Create another inbox</strong></a>\n      </p>"
    },
    "origin": {
        "streamId": 27,
        "title": "Readwise",
        "htmlUrl": "https://kill-the-newsletter.com/",
        "feedUrl": "https://kill-the-newsletter.com/feeds/t9rhqh0ubpfqcn8h.xml"
    }
},
{
    "id": "urn:kill-the-newsletter:y65z1am1hfdmtlxq",
    "timestampUsec": "1647437304887076",
    "categories": [
        "user/-/state/com.google/read",
        "user/-/state/com.google/starred"
    ],
    "title": "“https://www.morningbrew.com/money-scoop” inbox created",
    "author": ";Kill the Newsletter!",
    "published": 1647437220,
    "updated": 1647437220,
    "alternate": [
        {
            "href": "https://kill-the-newsletter.com/alternates/y65z1am1hfdmtlxq.html",
            "type": "text/html"
        }
    ],
    "content": {
        "content": "<p>\n        Sign up for the newsletter with<br>\n        <code>c03twbsehbhoqw3z@kill-the-newsletter.com</code>\n      </p>\n      <p>\n        Subscribe to the Atom feed at<br>\n        <code>https://kill-the-newsletter.com/feeds/c03twbsehbhoqw3z.xml</code>\n      </p>\n      <p>\n        <strong>Don’t share these addresses.</strong><br>\n        They contain an identifier that other people could use to send you spam\n        and to control your newsletter subscriptions.\n      </p>\n      <p><strong>Enjoy your readings!</strong></p>\n      <p>\n        <a href=\"https://kill-the-newsletter.com/\"><strong>Create another inbox</strong></a>\n      </p>"
    },
    "origin": {
        "streamId": 30,
        "title": "Money Scoop - Morning Brew",
        "htmlUrl": "https://kill-the-newsletter.com/",
        "feedUrl": "https://kill-the-newsletter.com/feeds/c03twbsehbhoqw3z.xml"
    }
},
{
    "id": "urn:kill-the-newsletter:5bgkba1l64ft6nz1",
    "timestampUsec": "1647437534688288",
    "categories": [
        "user/-/state/com.google/read",
        "user/-/state/com.google/starred"
    ],
    "title": "“B'Tselem” inbox created",
    "author": ";Kill the Newsletter!",
    "published": 1647437460,
    "updated": 1647437460,
    "alternate": [
        {
            "href": "https://kill-the-newsletter.com/alternates/5bgkba1l64ft6nz1.html",
            "type": "text/html"
        }
    ],
    "content": {
        "content": "<p>\n        Sign up for the newsletter with<br>\n        <code>a4y4e7jnsy3j0yjt@kill-the-newsletter.com</code>\n      </p>\n      <p>\n        Subscribe to the Atom feed at<br>\n        <code>https://kill-the-newsletter.com/feeds/a4y4e7jnsy3j0yjt.xml</code>\n      </p>\n      <p>\n        <strong>Don’t share these addresses.</strong><br>\n        They contain an identifier that other people could use to send you spam\n        and to control your newsletter subscriptions.\n      </p>\n      <p><strong>Enjoy your readings!</strong></p>\n      <p>\n        <a href=\"https://kill-the-newsletter.com/\"><strong>Create another inbox</strong></a>\n      </p>"
    },
    "origin": {
        "streamId": 31,
        "title": "B'Tselem",
        "htmlUrl": "https://kill-the-newsletter.com/",
        "feedUrl": "https://kill-the-newsletter.com/feeds/a4y4e7jnsy3j0yjt.xml"
    }
},
{
    "id": "urn:kill-the-newsletter:z9p5t7kyr1yohni7",
    "timestampUsec": "1647437703857959",
    "categories": [
        "user/-/state/com.google/read",
        "user/-/state/com.google/starred"
    ],
    "title": "“Aeon ” inbox created",
    "author": ";Kill the Newsletter!",
    "published": 1647437640,
    "updated": 1647437640,
    "alternate": [
        {
            "href": "https://kill-the-newsletter.com/alternates/z9p5t7kyr1yohni7.html",
            "type": "text/html"
        }
    ],
    "content": {
        "content": "<p>\n        Sign up for the newsletter with<br>\n        <code>iaf3i9hpxqiovu14@kill-the-newsletter.com</code>\n      </p>\n      <p>\n        Subscribe to the Atom feed at<br>\n        <code>https://kill-the-newsletter.com/feeds/iaf3i9hpxqiovu14.xml</code>\n      </p>\n      <p>\n        <strong>Don’t share these addresses.</strong><br>\n        They contain an identifier that other people could use to send you spam\n        and to control your newsletter subscriptions.\n      </p>\n      <p><strong>Enjoy your readings!</strong></p>\n      <p>\n        <a href=\"https://kill-the-newsletter.com/\"><strong>Create another inbox</strong></a>\n      </p>"
    },
    "origin": {
        "streamId": 33,
        "title": "Aeon",
        "htmlUrl": "https://kill-the-newsletter.com/",
        "feedUrl": "https://kill-the-newsletter.com/feeds/iaf3i9hpxqiovu14.xml"
    }
},
{
    "id": "urn:kill-the-newsletter:xzzw55menhw0yzu6",
    "timestampUsec": "1647437822247049",
    "categories": [
        "user/-/state/com.google/read",
        "user/-/state/com.google/starred"
    ],
    "title": "“Latin America Brief - Foreign Policy” inbox created",
    "author": ";Kill the Newsletter!",
    "published": 1647437760,
    "updated": 1647437760,
    "alternate": [
        {
            "href": "https://kill-the-newsletter.com/alternates/xzzw55menhw0yzu6.html",
            "type": "text/html"
        }
    ],
    "content": {
        "content": "<p>\n        Sign up for the newsletter with<br>\n        <code>3tzimwcd8shv2dhj@kill-the-newsletter.com</code>\n      </p>\n      <p>\n        Subscribe to the Atom feed at<br>\n        <code>https://kill-the-newsletter.com/feeds/3tzimwcd8shv2dhj.xml</code>\n      </p>\n      <p>\n        <strong>Don’t share these addresses.</strong><br>\n        They contain an identifier that other people could use to send you spam\n        and to control your newsletter subscriptions.\n      </p>\n      <p><strong>Enjoy your readings!</strong></p>\n      <p>\n        <a href=\"https://kill-the-newsletter.com/\"><strong>Create another inbox</strong></a>\n      </p>"
    },
    "origin": {
        "streamId": 34,
        "title": "Latin America Brief - Foreign Policy",
        "htmlUrl": "https://kill-the-newsletter.com/",
        "feedUrl": "https://kill-the-newsletter.com/feeds/3tzimwcd8shv2dhj.xml"
    }
},
{
    "id": "urn:kill-the-newsletter:8vjqejb9sjvbrww4",
    "timestampUsec": "1647437964982150",
    "categories": [
        "user/-/state/com.google/read",
        "user/-/state/com.google/starred"
    ],
    "title": "“Today I Found Out” inbox created",
    "author": ";Kill the Newsletter!",
    "published": 1647437880,
    "updated": 1647437880,
    "alternate": [
        {
            "href": "https://kill-the-newsletter.com/alternates/8vjqejb9sjvbrww4.html",
            "type": "text/html"
        }
    ],
    "content": {
        "content": "<p>\n        Sign up for the newsletter with<br>\n        <code>1zltxmcqjhl9ov60@kill-the-newsletter.com</code>\n      </p>\n      <p>\n        Subscribe to the Atom feed at<br>\n        <code>https://kill-the-newsletter.com/feeds/1zltxmcqjhl9ov60.xml</code>\n      </p>\n      <p>\n        <strong>Don’t share these addresses.</strong><br>\n        They contain an identifier that other people could use to send you spam\n        and to control your newsletter subscriptions.\n      </p>\n      <p><strong>Enjoy your readings!</strong></p>\n      <p>\n        <a href=\"https://kill-the-newsletter.com/\"><strong>Create another inbox</strong></a>\n      </p>"
    },
    "origin": {
        "streamId": 35,
        "title": "Today I Found Out",
        "htmlUrl": "https://kill-the-newsletter.com/",
        "feedUrl": "https://kill-the-newsletter.com/feeds/1zltxmcqjhl9ov60.xml"
    }
},
{
    "id": "urn:kill-the-newsletter:g163uzq76mehd3m3",
    "timestampUsec": "1647438065119149",
    "categories": [
        "user/-/state/com.google/read",
        "user/-/state/com.google/starred"
    ],
    "title": "“This Week in Religion - The Conversation” inbox created",
    "author": ";Kill the Newsletter!",
    "published": 1647438000,
    "updated": 1647438000,
    "alternate": [
        {
            "href": "https://kill-the-newsletter.com/alternates/g163uzq76mehd3m3.html",
            "type": "text/html"
        }
    ],
    "content": {
        "content": "<p>\n        Sign up for the newsletter with<br>\n        <code>biaaf3evitu587lg@kill-the-newsletter.com</code>\n      </p>\n      <p>\n        Subscribe to the Atom feed at<br>\n        <code>https://kill-the-newsletter.com/feeds/biaaf3evitu587lg.xml</code>\n      </p>\n      <p>\n        <strong>Don’t share these addresses.</strong><br>\n        They contain an identifier that other people could use to send you spam\n        and to control your newsletter subscriptions.\n      </p>\n      <p><strong>Enjoy your readings!</strong></p>\n      <p>\n        <a href=\"https://kill-the-newsletter.com/\"><strong>Create another inbox</strong></a>\n      </p>"
    },
    "origin": {
        "streamId": 36,
        "title": "This Week in Religion - The Conversation",
        "htmlUrl": "https://kill-the-newsletter.com/",
        "feedUrl": "https://kill-the-newsletter.com/feeds/biaaf3evitu587lg.xml"
    }
}
]}
